epoch,time,train/box_loss,train/seg_loss,train/cls_loss,train/dfl_loss,train/sem_loss,metrics/precision(B),metrics/recall(B),metrics/mAP50(B),metrics/mAP50-95(B),metrics/precision(M),metrics/recall(M),metrics/mAP50(M),metrics/mAP50-95(M),val/box_loss,val/seg_loss,val/cls_loss,val/dfl_loss,val/sem_loss,lr/pg0,lr/pg1,lr/pg2
1,104.149,0.8781,1.42928,3.96101,0.91691,0,0.01338,0.37877,0.20398,0.15395,0.01391,0.41211,0.21251,0.12918,0.64367,1.15381,4.15606,0.83063,0,0.00015,0.00015,0.00015
2,201.782,0.71975,0.80832,2.48049,0.84842,0,0.0089,0.40465,0.27797,0.22957,0.00938,0.42798,0.27258,0.2011,0.63771,0.99758,3.98464,0.81694,0,0.00028954,0.00028954,0.00028954
3,295.733,0.64865,0.66002,1.99966,0.84001,0,1,0.01463,0.33971,0.27564,1,0.01463,0.3465,0.27084,0.68132,0.87281,3.8432,0.8355,0,0.00040796,0.00040796,0.00040796
4,1422.44,0.64857,0.65829,1.78651,0.84819,0,1,0.10219,0.52492,0.43261,0.98639,0.09386,0.51803,0.38794,0.67039,0.91474,3.55932,0.8251,0,0.00050526,0.00050526,0.00050526
5,1515.44,0.63742,0.58112,1.67246,0.83877,0,0.96263,0.12892,0.6661,0.54391,0.97258,0.13725,0.66714,0.5086,0.60146,0.90708,3.45571,0.81802,0,0.00058144,0.00058144,0.00058144
6,2719.22,0.60497,0.54517,1.68745,0.83967,0,0.97091,0.40681,0.8748,0.7558,0.97091,0.40681,0.87079,0.70194,0.60976,0.92224,2.7139,0.84689,0,0.0006365,0.0006365,0.0006365
7,2828.95,0.56417,0.50446,1.44436,0.83749,0,0.89174,0.6097,0.8906,0.73306,0.89942,0.61803,0.89114,0.73729,0.66145,0.75206,2.21542,0.8478,0,0.000604,0.000604,0.000604
8,2934.11,0.57117,0.49274,1.43339,0.847,0,0.82337,0.8068,0.89732,0.76332,0.82525,0.81261,0.90542,0.74988,0.60863,0.8505,1.73531,0.85182,0,0.000538,0.000538,0.000538
9,3040.56,0.53029,0.47621,1.29714,0.83037,0,0.82517,0.82677,0.92186,0.79334,0.82443,0.83621,0.92334,0.76528,0.57739,0.75987,1.37851,0.84125,0,0.000472,0.000472,0.000472
10,3389.01,0.51708,0.46969,1.21461,0.82694,0,0.8856,0.86824,0.91975,0.81395,0.9022,0.8848,0.92601,0.76631,0.51689,0.72437,1.20876,0.84712,0,0.000406,0.000406,0.000406
11,3481.36,0.49696,0.44977,1.18208,0.83047,0,0.90503,0.91446,0.94478,0.8435,0.90864,0.92308,0.94453,0.79448,0.49387,0.73989,1.14239,0.8375,0,0.00034,0.00034,0.00034
12,5289.45,0.47616,0.42113,1.11326,0.83019,0,0.93063,0.90004,0.93415,0.82569,0.93068,0.90004,0.92958,0.78326,0.49568,0.66695,1.0634,0.83364,0,0.000274,0.000274,0.000274
13,5398.51,0.47295,0.42709,1.10862,0.81561,0,0.95071,0.89527,0.93574,0.85573,0.93556,0.91965,0.9431,0.79378,0.4515,0.72643,1.00081,0.84028,0,0.000208,0.000208,0.000208
14,5506.58,0.42293,0.42739,1.02921,0.81499,0,0.926,0.89523,0.93228,0.86264,0.94237,0.91189,0.94141,0.80417,0.45828,0.72054,1.0093,0.84643,0,0.000142,0.000142,0.000142
15,5612.1,0.42097,0.43192,1.02348,0.81127,0,0.93282,0.90733,0.94066,0.87121,0.94022,0.91702,0.944,0.80377,0.43181,0.70099,0.97125,0.83425,0,7.6e-05,7.6e-05,7.6e-05
